date, pm25, pm10, no2
2024/11/1, 49, 18, 10
2024/11/2, 53, 14, 6
2024/11/3, 44, 25, 8
2024/11/4, 62, 26, 11
2024/11/5, 59, 31, 10
2024/11/6, 78, 23, 10
2024/11/7, 55, 12, 7
2024/11/8, 39, 15, 7
2024/11/9, 43, 21, 17
2024/11/13, 68, 38, 20
2024/11/14, 79, 16, 14
2024/11/15, 35, 22, 11
2024/11/16, 61, 17, 11
2024/11/17, 46, 10, 3
2024/11/18, 15, , 
2024/10/1, 24, 12, 13
2024/10/2, 24, 19, 16
2024/10/3, 47, 20, 15
2024/10/4, 44, 15, 8
2024/10/5, 40, 9, 4
2024/10/6, 26, 11, 7
2024/10/7, 25, 9, 2
2024/10/8, 19, 11, 13
2024/10/9, 25, 13, 16
2024/10/10, 32, 15, 14
2024/10/11, 34, 13, 11
2024/10/12, 38, 15, 14
2024/10/13, 33, 19, 15
2024/10/14, 43, 20, 10
2024/10/15, 49, 26, 8
2024/10/16, 40, 19, 14
2024/10/17, 33, 21, 17
2024/10/18, 40, 13, 8
2024/10/19, 30, 10, 2
2024/10/20, 21, 13, 16
2024/10/21, 29, 16, 10
2024/10/22, 29, 19, 12
2024/10/23, 45, 21, 13
2024/10/24, 43, 23, 13
2024/10/25, 49, 25, 14
2024/10/26, 61, 20, 13
2024/10/27, 44, 18, 9
2024/10/28, 41, 16, 10
2024/10/29, 38, 21, 16
2024/10/30, 38, 18, 6
2024/10/31, 49, 18, 11
2024/7/1, 22, 19, 9
2024/7/2, 24, 20, 8
2024/7/3, 27, , 7
2024/7/5, 24, 11, 4
2024/7/6, 20, 10, 3
2024/7/7, 22, 11, 8
2024/7/8, 27, 15, 13
2024/7/9, 35, 9, 5
2024/7/10, 24, 13, 12
2024/7/11, 32, 14, 15
2024/7/12, 29, 17, 11
2024/7/13, 46, 12, 7
2024/7/14, 39, 16, 14
2024/7/15, 42, 10, 5
2024/7/16, 23, 15, 10
2024/7/17, 39, 16, 14
2024/7/18, 38, 18, 14
2024/7/19, 46, 18, 8
2024/7/20, 43, 9, 7
2024/7/21, 32, 10, 2
2024/7/22, 23, 10, 7
2024/7/23, 24, 14, 8
2024/7/24, 37, 10, 5
2024/7/25, 31, 12, 11
2024/7/26, 41, 13, 11
2024/7/27, 39, 10, 9
2024/7/28, 31, 18, 12
2024/7/29, 37, 30, 19
2024/7/30, 60, 17, 9
2024/7/31, 42, 21, 15
2024/8/1, 63, 18, 10
2024/8/2, 61, 7, 3
2024/8/3, 24, 13, 7
2024/8/4, 36, 12, 8
2024/8/5, 37, 12, 8
2024/8/6, 36, 9, 8
2024/8/7, 29, 11, 3
2024/8/8, 28, 9, 6
2024/8/9, 29, 9, 9
2024/8/10, 31, 10, 10
2024/8/11, 32, 11, 8
2024/8/12, 40, , 9
2024/8/13, 36, , 12
2024/8/14, 38, , 5
2024/8/15, 23, , 2
2024/8/16, 15, , 10
2024/8/17, 29, 11, 9
2024/8/18, 26, 11, 5
2024/8/19, 41, 12, 6
2024/8/20, 39, 12, 8
2024/8/21, 24, 9, 5
2024/8/22, 19, , 4
2024/8/23, 17, , 4
2024/8/24, 20, 9, 6
2024/8/25, 20, 10, 11
2024/8/26, 27, 17, 11
2024/8/27, 36, 16, 10
2024/8/28, 45, 16, 14
2024/8/29, 41, 14, 17
2024/8/30, 39, 10, 12
2024/8/31, 55, 18, 6
2024/9/1, 55, 7, 3
2024/9/2, 26, 7, 6
2024/9/3, 18, 13, 13
2024/9/4, 28, , 12
2024/9/5, 23, , 13
2024/9/9, 33, 14, 3
2024/9/10, 25, 14, 9
2024/9/11, 22, 13, 11
2024/9/12, 20, 18, 16
2024/9/13, 26, 16, 17
2024/9/14, 34, 18, 14
2024/9/15, 44, 22, 16
2024/9/16, 41, 19, 14
2024/9/17, 28, 38, 14
2024/9/18, 66, 44, 17
2024/9/19, 76, 33, 15
2024/9/20, 69, 15, 13
2024/9/21, 40, 11, 5
2024/9/22, 34, 12, 4
2024/9/23, 36, 10, 7
2024/9/24, 28, 16, 3
2024/9/25, 34, , 2
2024/9/26, 19, 16, 6
2024/9/27, 19, 15, 18
2024/9/28, 30, 14, 9
2024/9/29, 38, 7, 2
2024/9/30, 14, 13, 8
2024/4/1, 17, 10, 2
2024/4/2, 18, 9, 6
2024/4/3, 14, 10, 4
2024/4/4, 16, 6, 4
2024/4/5, 14, 10, 6
2024/4/6, 18, 5, 2
2024/4/7, 12, 10, 7
2024/4/8, 19, 11, 5
2024/4/9, 15, 14, 7
2024/4/10, 18, 15, 11
2024/4/11, 21, 19, 13
2024/4/12, 31, 17, 12
2024/4/13, 30, 13, 11
2024/4/14, 23, 12, 6
2024/4/15, 17, 16, 9
2024/4/16, 16, 13, 16
2024/4/17, 15, 16, 18
2024/4/18, 19, 15, 12
2024/4/19, 22, 19, 17
2024/4/20, 22, 17, 13
2024/4/21, 21, 26, 16
2024/4/22, 21, 25, 18
2024/4/23, 27, 23, 17
2024/4/24, 26, 22, 15
2024/4/25, 39, 25, 20
2024/4/29, 11, 12, 9
2024/4/30, 22, 21, 11
2024/5/1, 40, 12, 11
2024/5/2, 21, 11, 7
2024/5/3, 15, 8, 10
2024/5/4, 18, 10, 9
2024/5/5, 19, 7, 6
2024/5/6, 13, 21, 15
2024/5/7, 32, 18, 13
2024/5/8, 34, 17, 12
2024/5/9, 37, 23, 16
2024/5/10, 43, 28, 16
2024/5/11, 49, 16, 11
2024/5/12, 35, 23, 5
2024/5/13, 42, 10, 4
2024/5/14, 17, 8, 2
2024/5/15, 10, 10, 6
2024/5/16, 12, 11, 12
2024/5/17, 17, 16, 15
2024/5/18, 24, 15, 12
2024/5/19, 33, 29, 12
2024/5/20, 52, 16, 16
2024/5/21, 28, 23, 9
2024/5/22, 37, 14, 9
2024/5/23, 19, 19, 17
2024/5/24, 24, 11, 12
2024/5/25, 18, 10, 9
2024/5/26, 19, 11, 8
2024/5/27, 12, 8, 3
2024/5/28, 12, 9, 8
2024/5/29, 13, 14, 13
2024/5/30, 20, 16, 14
2024/5/31, 22, 18, 12
2024/6/1, 32, 20, 12
2024/6/2, 30, 28, 15
2024/6/3, 44, 21, 11
2024/6/4, 34, 16, 10
2024/6/5, 25, 34, 15
2024/6/6, 47, 20, 13
2024/6/7, 35, 17, 12
2024/6/8, 25, 13, 12
2024/6/9, 19, 14, 9
2024/6/10, 19, 17, 13
2024/6/11, 21, 20, 16
2024/6/12, 29, 13, 7
2024/6/13, 20, 7, 4
2024/6/14, 11, 9, 3
2024/6/15, 14, 10, 7
2024/6/16, 14, 10, 7
2024/6/17, 16, 17, 15
2024/6/18, 29, 23, 16
2024/6/19, 35, 21, 17
2024/6/20, 33, 24, 17
2024/6/21, 38, 13, 8
2024/6/22, 21, 14, 12
2024/6/23, 26, 16, 13
2024/6/24, 26, 24, 19
2024/6/25, 41, 35, 22
2024/6/26, 51, 26, 14
2024/6/27, 47, 24, 11
2024/6/28, 30, 20, 13
2024/6/29, 24, 17, 8
2024/6/30, 31, 15, 10
2024/1/1, 16, 5, 2
2024/1/2, 22, 10, 6
2024/1/3, 28, 14, 5
2024/1/4, 35, 11, 16
2024/1/5, 28, 15, 25
2024/1/6, 34, 14, 18
2024/1/7, 31, 30, 20
2024/1/8, 31, 31, 16
2024/1/9, 35, 39, 19
2024/1/10, 52, 48, 26
2024/1/11, 57, 37, 26
2024/1/12, 34, 24, 9
2024/1/13, 49, 23, 8
2024/1/14, 55, 46, 30
2024/1/15, 52, 38, 24
2024/1/16, 64, 20, 20
2024/1/17, 38, 29, 25
2024/1/18, 47, 48, 32
2024/1/19, 140, 29, 18
2024/1/20, 382, 14, 5
2024/1/21, 370, 16, 8
2024/1/22, 26, 16, 6
2024/1/23, 21, 38, 14
2024/1/24, 34, 12, 10
2024/1/25, 18, 28, 20
2024/1/26, 29, 30, 18
2024/1/27, 54, 23, 17
2024/1/28, 50, 25, 16
2024/1/29, 52, 34, 21
2024/1/30, 28, 35, 21
2024/1/31, 46, 37, 25
2024/2/1, 37, 20, 14
2024/2/2, 37, 15, 13
2024/2/3, 22, 13, 6
2024/2/4, 19, 27, 6
2024/2/5, 37, 20, 5
2024/2/6, 26, 12, 7
2024/2/7, 21, 17, 5
2024/2/8, 28, 9, 2
2024/2/9, 14, 11, 10
2024/2/10, 21, 12, 8
2024/2/11, 21, 25, 19
2024/2/12, 26, 19, 12
2024/2/13, 32, 11, 6
2024/2/14, 18, 14, 10
2024/2/15, 23, 24, 17
2024/2/16, 25, 14, 9
2024/2/17, 20, 10, 7
2024/2/18, 19, 20, 13
2024/2/19, 21, 23, 9
2024/2/20, 33, 6, 3
2024/2/21, 17, 7, 6
2024/2/22, 13, 8, 5
2024/2/23, 14, 6, 4
2024/2/24, 14, 7, 4
2024/2/25, 18, 9, 12
2024/2/26, 16, 28, 18
2024/2/27, 26, 14, 11
2024/2/28, 28, 7, 5
2024/2/29, 18, 6, 4
2024/3/1, 15, 9, 4
2024/3/2, 18, 21, 20
2024/3/3, 44, 18, 12
2024/3/4, 36, 9, 12
2024/3/5, 18, 17, 14
2024/3/6, 42, 21, 14
2024/3/7, 42, 26, 11
2024/3/8, 55, 6, 4
2024/3/9, 16, 20, 17
2024/3/10, 44, 29, 17
2024/3/11, 57, 15, 11
2024/3/12, 36, 10, 7
2024/3/13, 23, 11, 5
2024/3/14, 26, 11, 8
2024/3/15, 16, 11, 9
2024/3/16, 18, 13, 13
2024/3/17, 23, 25, 19
2024/3/18, 37, 23, 17
2024/3/19, 33, 24, 17
2024/3/20, 34, 38, 21
2024/3/21, 62, 22, 14
2024/3/22, 39, 14, 12
2024/3/23, 18, 14, 15
2024/3/24, 20, 16, 11
2024/3/25, 30, 9, 10
2024/3/26, 24, 6, 4
2024/3/27, 15, 7, 2
2024/3/28, 13, 6, 3
2024/3/29, 15, 6, 3
2024/3/30, 13, 9, 6
2024/3/31, 17, 6, 5
2023/10/1, 43, 22, 15
2023/10/2, 41, 19, 16
2023/10/3, 29, 16, 13
2023/10/4, 22, 17, 14
2023/10/5, 23, 22, 22
2023/10/6, 35, 22, 22
2023/10/7, 40, 19, 16
2023/10/8, 38, 28, 24
2023/10/9, 49, 30, 24
2023/10/10, 41, 30, 14
2023/10/11, 41, 21, 14
2023/10/12, 36, 28, 4
2023/10/13, 41, , 
2023/10/16, 14, 13, 10
2023/10/17, 19, 12, 7
2023/10/18, 19, 12, 8
2023/10/19, 19, 9, 10
2023/10/20, 16, 5, 1
2023/10/21, 8, 9, 6
2023/10/22, 17, 15, 17
2023/10/23, 31, 10, 7
2023/10/24, 20, 10, 13
2023/10/25, 15, 13, 10
2023/10/26, 22, 12, 6
2023/10/27, 17, 6, 2
2023/10/28, 10, 7, 2
2023/10/29, 13, 9, 8
2023/10/30, 17, 11, 8
2023/10/31, 18, 8, 3
2023/11/1, 14, 6, 3
2023/11/2, 13, 7, 5
2023/11/3, 13, 9, 2
2023/11/4, 14, 9, 5
2023/11/5, 14, 11, 8
2023/11/6, 18, 11, 11
2023/11/7, 20, 8, 5
2023/11/8, 15, 10, 9
2023/11/9, 13, 11, 10
2023/11/10, 14, 17, 20
2023/11/11, 34, 14, 11
2023/11/12, 28, 14, 9
2023/11/13, 21, 16, 10
2023/11/14, 22, 21, 17
2023/11/15, 29, 14, 21
2023/11/16, 26, 16, 23
2023/11/17, 31, 8, 7
2023/11/18, 19, 15, 7
2023/11/19, 23, 10, 12
2023/11/20, 15, 22, 20
2023/11/21, 22, 37, 22
2023/11/22, 39, 32, 21
2023/11/23, 33, 25, 25
2023/11/24, 25, 20, 23
2023/11/25, 27, 26, 15
2023/11/26, 49, 10, 13
2023/11/27, 20, 32, 27
2023/11/28, 36, 23, 20
2023/11/29, 52, 35, 18
2023/11/30, 50, 33, 21
2023/12/1, 59, 36, 20
2023/12/2, 72, 23, 8
2023/12/3, 56, 8, 7
2023/12/4, 16, 12, 18
2023/12/5, 24, 33, 26
2023/12/6, 50, 14, 7
2023/12/7, 34, 24, 16
2023/12/8, 37, 17, 8
2023/12/9, 26, 23, 6
2023/12/10, 35, 26, 14
2023/12/11, 34, 14, 11
2023/12/12, 27, 17, 16
2023/12/13, 23, 17, 16
2023/12/14, 26, 33, 26
2023/12/15, 52, 32, 24
2023/12/16, 54, 34, 18
2023/12/17, 66, 22, 12
2023/12/18, 49, 13, 9
2023/12/19, 27, 18, 18
2023/12/20, 22, 13, 12
2023/12/21, 21, 16, 12
2023/12/22, 20, 9, 9
2023/12/23, 13, 12, 5
2023/12/24, 18, 5, 6
2023/12/25, 11, 14, 14
2023/12/26, 21, 9, 2
2023/12/27, 20, 13, 3
2023/12/28, 18, 13, 5
2023/12/29, 18, 9, 5
2023/12/30, 14, 7, 2
2023/12/31, 12, 10, 3
2023/7/1, 33, 26, 8
2023/7/2, 55, 18, 10
2023/7/3, 32, 13, 3
2023/7/4, 24, 14, 9
2023/7/5, 29, 13, 11
2023/7/6, 32, 17, 13
2023/7/7, 34, 15, 20
2023/7/8, 42, 15, 16
2023/7/9, 35, 12, 9
2023/7/10, 21, 12, 8
2023/7/11, 22, 13, 10
2023/7/12, 24, 14, 12
2023/7/13, 24, 13, 7
2023/7/14, 23, 7, 2
2023/7/15, 17, 11, 3
2023/7/16, 26, 13, 11
2023/7/17, 20, 16, 16
2023/7/18, 33, 14, 12
2023/7/19, 26, 18, 14
2023/7/20, 36, 17, 16
2023/7/21, 30, 14, 7
2023/7/22, 28, 6, 1
2023/7/23, 16, 11, 11
2023/7/24, 24, 14, 16
2023/7/25, 23, 12, 10
2023/7/26, 27, 8, 4
2023/7/27, 19, 10, 11
2023/7/28, 21, 10, 9
2023/7/29, 27, 13, 5
2023/7/30, 19, 7, 2
2023/7/31, 18, 12, 9
2023/8/1, 25, 8, 2
2023/8/2, 13, 13, 15
2023/8/3, 21, 17, 15
2023/8/4, 25, 10, 5
2023/8/5, 14, 7, 6
2023/8/6, 11, 14, 11
2023/8/7, 17, 14, 11
2023/8/8, 16, 12, 13
2023/8/9, 19, 13, 11
2023/8/10, 22, 16, 11
2023/8/11, 26, 14, 8
2023/8/12, 15, 11, 8
2023/8/13, 15, 11, 12
2023/8/14, 20, 13, 14
2023/8/15, 24, 14, 17
2023/8/16, 19, 15, 13
2023/8/17, 28, 25, 11
2023/8/18, 51, 13, 12
2023/8/19, 25, 11, 12
2023/8/20, 15, 15, 17
2023/8/21, 21, 20, 17
2023/8/22, 25, 20, 17
2023/8/23, 26, 17, 13
2023/8/24, 31, 22, 15
2023/8/25, 34, 7, 6
2023/8/26, 11, 8, 8
2023/8/27, 17, 15, 17
2023/8/28, 19, 14, 15
2023/8/29, 28, 14, 14
2023/8/30, 19, 10, 7
2023/8/31, 17, 8, 8
2023/9/1, 15, 12, 16
2023/9/2, 22, 13, 13
2023/9/3, 34, 12, 14
2023/9/4, 27, 18, 16
2023/9/5, 33, 33, 29
2023/9/6, 50, 27, 26
2023/9/7, 44, 32, 33
2023/9/8, 51, 30, 23
2023/9/9, 52, 26, 20
2023/9/10, 48, 27, 22
2023/9/11, 47, 18, 18
2023/9/12, 33, 15, 18
2023/9/13, 18, , 16
2023/9/14, 37, 16, 16
2023/9/15, 31, 16, 18
2023/9/16, 31, 17, 16
2023/9/17, 37, 11, 8
2023/9/18, 16, 13, 5
2023/9/19, 17, 9, 3
2023/9/20, 15, 9, 12
2023/9/21, 15, 8, 11
2023/9/22, 17, 12, 14
2023/9/23, 20, 12, 10
2023/9/24, 22, 17, 21
2023/9/25, 26, 21, 16
2023/9/26, 26, , 10
2023/9/27, 32, 17, 7
2023/9/28, 23, 16, 15
2023/9/29, 24, 18, 13
2023/9/30, 34, 20, 14
2023/4/1, 25, 16, 14
2023/4/2, 31, 19, 21
2023/4/3, 50, 21, 24
2023/4/4, 48, 33, 26
2023/4/5, 70, 19, 15
2023/4/6, 43, 22, 27
2023/4/7, 36, 18, 20
2023/4/8, 41, 17, 9
2023/4/9, 47, 13, 11
2023/4/10, 38, 15, 7
2023/4/11, 24, 9, 7
2023/4/12, 20, 16, 12
2023/4/13, 26, 8, 7
2023/4/14, 22, 15, 18
2023/4/15, 39, 23, 22
2023/4/16, 58, 27, 22
2023/4/17, 62, 42, 24
2023/4/18, 91, 21, 18
2023/4/19, 58, 26, 24
2023/4/20, 47, 23, 20
2023/4/21, 57, 19, 13
2023/4/22, 55, 10, 7
2023/4/23, 21, 16, 16
2023/4/24, 32, 23, 26
2023/4/25, 39, 17, 11
2023/4/26, 34, 15, 7
2023/4/27, 40, 10, 12
2023/4/28, 26, 16, 18
2023/4/29, 46, 19, 12
2023/4/30, 53, 22, 14
2023/5/1, 52, 22, 19
2023/5/2, 44, 21, 15
2023/5/3, 46, 17, 9
2023/5/4, 39, 10, 5
2023/5/5, 20, 11, 4
2023/5/6, 24, 16, 16
2023/5/7, 50, 15, 8
2023/5/8, 42, 9, 11
2023/5/9, 21, 18, 15
2023/5/10, 24, 19, 21
2023/5/11, 24, 18, 21
2023/5/12, 28, 36, 20
2023/5/13, 61, 26, 17
2023/5/14, 47, 28, 20
2023/5/15, 46, 29, 20
2023/5/16, 23, 27, 23
2023/5/17, 32, 22, 18
2023/5/18, 34, 29, 20
2023/5/19, 40, 27, 19
2023/5/20, 41, 29, 17
2023/5/21, 46, 39, 21
2023/5/22, 43, 36, 21
2023/5/23, 37, 33, 22
2023/5/24, 32, 35, 21
2023/5/25, 45, 36, 24
2023/5/26, 43, 31, 20
2023/5/27, 40, 33, 17
2023/5/28, 48, 29, 15
2023/5/29, 39, 42, 21
2023/5/30, 37, 41, 24
2023/5/31, 44, 41, 24
2023/6/1, 52, 30, 20
2023/6/2, 30, 29, 18
2023/6/3, 42, 19, 17
2023/6/4, 26, 37, 20
2023/6/5, 38, 40, 21
2023/6/6, 45, 34, 25
2023/6/7, 50, 34, 22
2023/6/8, 52, 28, 21
2023/6/9, 49, 19, 17
2023/6/10, 36, 27, 16
2023/6/11, 47, 20, 21
2023/6/12, 29, 23, 20
2023/6/13, 42, 35, 30
2023/6/14, 65, 39, 34
2023/6/15, 101, 32, 30
2023/6/16, 101, 28, 26
2023/6/17, 9, 15, 10
2023/6/20, 9, 16, 20
2023/6/21, 13, 18, 20
2023/6/22, 11, 17, 17
2023/6/23, 41, 13, 17
2023/6/24, 38, 14, 10
2023/6/25, 30, 18, 15
2023/6/26, 24, 18, 15
2023/6/27, 27, 24, 18
2023/6/28, 48, 24, 17
2023/6/29, 55, 16, 12
2023/6/30, 31, 12, 7
2023/1/2, 33, 12, 10
2023/1/3, 30, 5, 6
2023/1/4, 18, 10, 7
2023/1/5, 23, 4, 3
2023/1/6, 13, 7, 1
2023/1/7, 21, 7, 2
2023/1/8, 12, 11, 13
2023/1/9, 22, 10, 7
2023/1/10, 20, 13, 8
2023/1/11, 25, 9, 3
2023/1/12, 19, 17, 10
2023/1/13, 28, 7, 6
2023/1/14, 18, 5, 4
2023/1/15, 15, 12, 17
2023/1/16, 29, 22, 25
2023/1/17, 63, 21, 19
2023/1/18, 64, 24, 26
2023/1/19, 71, 30, 28
2023/1/20, 73, 41, 25
2023/1/21, 67, 42, 25
2023/1/22, 83, 39, 23
2023/1/23, 77, 42, 20
2023/1/24, 86, 51, 22
2023/1/25, 115, 36, 26
2023/1/26, 82, 27, 27
2023/1/27, 43, 32, 25
2023/1/28, 59, 30, 18
2023/1/29, 77, 28, 23
2023/1/30, 49, 29, 21
2023/1/31, 59, 34, 21
2023/2/1, 43, 28, 21
2023/2/2, 33, 18, 21
2023/2/3, 28, 27, 25
2023/2/4, 40, 27, 22
2023/2/5, 45, 41, 28
2023/2/6, 54, 29, 20
2023/2/7, 61, 42, 24
2023/2/8, 84, 54, 27
2023/2/9, 121, 46, 27
2023/2/10, 92, 39, 24
2023/2/11, 100, 12, 9
2023/2/12, 44, 32, 19
2023/2/13, 85, 47, 23
2023/2/14, 121, 54, 25
2023/2/15, 139, 28, 16
2023/2/16, 67, 11, 14
2023/2/17, 22, 11, 8
2023/2/18, 18, 25, 15
2023/2/19, 44, 30, 23
2023/2/20, 62, 40, 23
2023/2/21, 88, 33, 18
2023/2/22, 80, 25, 23
2023/2/23, 72, 29, 25
2023/2/24, 113, 26, 25
2023/2/25, 39, 21, 17
2023/2/26, 31, 21, 20
2023/2/27, 40, 34, 28
2023/2/28, 62, 39, 27
2023/3/1, 71, 49, 27
2023/3/2, 94, 40, 27
2023/3/3, 79, 32, 31
2023/3/4, 56, 29, 24
2023/3/5, 57, 29, 14
2023/3/6, 55, 18, 12
2023/3/7, 44, 10, 8
2023/3/8, 30, 13, 4
2023/3/9, 26, 12, 15
2023/3/10, 27, 10, 7
2023/3/11, 33, 20, 5
2023/3/12, 40, 9, 2
2023/3/13, 22, 18, 17
2023/3/14, 22, 16, 13
2023/3/15, 40, 14, 8
2023/3/16, 35, 20, 15
2023/3/17, 45, 8, 6
2023/3/18, 23, 18, 20
2023/3/19, 41, 20, 12
2023/3/20, 43, 14, 9
2023/3/21, 31, 5, 2
2023/3/22, 17, 9, 1
2023/3/23, 17, 7, 5
2023/3/24, 17, 14, 7
2023/3/25, 23, 11, 8
2023/3/26, 19, 21, 26
2023/3/27, 31, 9, 5
2023/3/28, 24, 13, 6
2023/3/29, 32, 14, 7
2023/3/30, 26, 13, 4
2023/3/31, 24, 13, 12
2022/10/3, 61, 23, 13
2022/10/4, 43, 13, 14
2022/10/5, 22, 26, 5
2022/10/6, 35, 21, 17
2022/10/7, 43, 19, 17
2022/10/8, 34, 15, 17
2022/10/9, 33, 28, 12
2022/10/10, 50, 26, 20
2022/10/11, 44, 27, 21
2022/10/12, 56, 18, 17
2022/10/13, 45, 11, 11
2022/10/14, 35, 7, 13
2022/10/15, 20, 12, 5
2022/10/16, 30, 18, 12
2022/10/17, 45, 20, 14
2022/10/18, 45, 15, 14
2022/10/19, 31, 15, 5
2022/10/20, 33, 13, 8
2022/10/21, 23, 12, 5
2022/10/22, 22, 14, 8
2022/10/23, 33, 10, 9
2022/10/24, 19, 13, 3
2022/10/25, 24, 11, 7
2022/10/26, 27, 23, 6
2022/10/27, 47, 26, 17
2022/10/28, 53, 27, 15
2022/10/29, 54, 22, 16
2022/10/30, 51, 17, 14
2022/10/31, 41, 10, 10
2022/11/1, 14, 18, 1
2022/11/2, 31, 10, 6
2022/11/3, 19, , 6
2022/11/13, 61, 15, 8
2022/11/14, 48, 8, 8
2022/11/15, 22, 8, 6
2022/11/16, 20, 7, 2
2022/11/17, 13, 11, 5
2022/11/18, 27, 19, 17
2022/11/19, 49, 16, 24
2022/11/20, 42, 13, 13
2022/11/21, 29, 7, 8
2022/11/22, 18, 14, 5
2022/11/23, 28, 14, 7
2022/11/24, 28, 25, 7
2022/11/25, 53, 23, 21
2022/11/26, 61, 11, 12
2022/11/27, 41, 16, 7
2022/11/28, 39, 20, 12
2022/11/29, 57, 20, 17
2022/11/30, 55, 33, 15
2022/12/1, 72, 35, 23
2022/12/2, 84, 24, 23
2022/12/3, 71, 23, 14
2022/12/4, 68, 37, 12
2022/12/5, 90, 35, 17
2022/12/6, 75, 41, 20
2022/12/7, 103, 31, 19
2022/12/8, 86, 33, 15
2022/12/9, 75, 23, 24
2022/12/10, 74, 20, 14
2022/12/11, 69, 25, 6
2022/12/12, 73, 38, 9
2022/12/13, 73, 49, 16
2022/12/14, 86, 48, 25
2022/12/15, 83, 42, 31
2022/12/16, 85, 34, 33
2022/12/17, 96, 27, 15
2022/12/18, 85, 12, 9
2022/12/19, 34, 11, 9
2022/12/20, 25, 13, 14
2022/12/21, 35, 14, 15
2022/12/22, 34, 9, 14
2022/12/23, 21, 15, 10
2022/12/24, 34, 10, 6
2022/12/25, 35, 13, 9
2022/12/26, 27, 13, 16
2022/12/27, 37, 7, 10
2022/12/28, 19, 12, 2
2022/12/29, 24, 7, 5
2022/12/30, 18, 11, 4
2022/12/31, 23, 11, 1
2023/1/1, 27, 12, 2
2022/7/7, 41, 22, 18
2022/7/8, 40, 21, 25
2022/7/9, 49, 19, 21
2022/7/10, 32, 12, 14
2022/7/11, 36, 14, 19
2022/7/12, 39, 18, 23
2022/7/13, 50, 26, 29
2022/7/14, 59, 22, 18
2022/7/15, 46, 20, 19
2022/7/16, 39, 16, 20
2022/7/17, 28, 14, 13
2022/7/18, 43, 23, 22
2022/7/19, 61, 40, 19
2022/7/20, 64, 25, 11
2022/7/21, 60, 25, 18
2022/7/22, 53, 20, 15
2022/7/23, 61, 26, 20
2022/7/24, 39, 13, 11
2022/7/25, 32, 16, 12
2022/7/26, 26, 17, 17
2022/7/27, 29, 12, 14
2022/7/29, 51, 30, 31
2022/7/30, 42, 17, 21
2022/7/31, 20, 9, 8
2022/8/1, 37, 15, 15
2022/8/2, 33, 16, 15
2022/8/3, 38, 22, 14
2022/8/4, 33, 18, 15
2022/8/5, 34, 25, 18
2022/8/6, 32, 14, 19
2022/8/7, 32, 14, 16
2022/8/8, 43, 23, 20
2022/8/9, 42, 24, 20
2022/8/10, 45, 26, 21
2022/8/11, 57, 32, 26
2022/8/12, 56, 29, 29
2022/8/13, 51, 24, 23
2022/8/14, 35, 14, 15
2022/8/15, 44, 15, 7
2022/8/16, 56, 22, 12
2022/8/17, 46, 16, 18
2022/8/18, 51, 19, 17
2022/8/19, 28, 12, 12
2022/8/20, 34, 16, 13
2022/8/21, 38, 15, 13
2022/8/22, 32, 15, 13
2022/8/23, 24, 10, 11
2022/8/24, 29, 12, 9
2022/8/25, 38, 18, 20
2022/8/26, 42, 19, 18
2022/8/27, 42, 16, 20
2022/8/28, 31, 15, 16
2022/8/29, 33, 21, 22
2022/8/30, 46, 27, 25
2022/8/31, 44, 24, 23
2022/9/1, 40, 21, 23
2022/9/2, 42, 16, 17
2022/9/3, 38, 13, 13
2022/9/4, 34, 12, 11
2022/9/5, 38, 16, 17
2022/9/6, 27, 12, 9
2022/9/7, 27, 10, 5
2022/9/8, 19, 8, 4
2022/9/9, 28, 10, 9
2022/9/10, 36, 13, 15
2022/9/11, 41, 12, 10
2022/9/12, 38, 14, 17
2022/9/13, 41, 16, 22
2022/9/14, 49, 17, 14
2022/9/15, 50, 20, 19
2022/9/16, 42, 19, 23
2022/9/17, 32, 14, 20
2022/9/18, 36, 14, 18
2022/9/19, 35, 17, 20
2022/9/20, 40, 16, 21
2022/9/21, 43, 21, 23
2022/9/22, 50, 22, 21
2022/9/23, 59, 24, 21
2022/9/24, 45, 15, 18
2022/9/25, 28, 12, 16
2022/9/26, 26, 10, 10
2022/9/27, 29, 15, 17
2022/9/28, 35, 17, 23
2024/11/10, , 24, 14
2024/11/12, , 30, 19
2024/9/8, , 19, 10
2024/4/26, , 9, 9
2024/4/27, , 7, 5
2024/4/28, , 9, 9
2023/10/15, , 11, 16
2023/6/18, , 16, 4
2023/6/19, , 15, 6
2022/10/2, , 26, 16
2022/11/7, , 10, 2
2022/11/8, , 14, 2
2022/11/9, , 14, 8
2022/11/10, , 12, 9
2022/11/11, , 20, 7
2022/11/12, , 19, 13
2022/7/1, , 10, 13
2022/7/2, , 11, 13
2022/7/3, , 10, 13
2022/7/4, , 19, 17
2022/7/5, , 26, 17
2022/7/6, , 22, 19
2022/4/1, , 15, 23
2022/4/2, , 29, 25
2022/4/3, , 24, 18
2022/4/4, , 22, 16
2022/4/5, , 21, 5
2022/4/6, , 10, 8
2022/4/7, , 12, 21
2022/4/8, , 12, 25
2022/4/9, , 13, 16
2022/4/10, , 18, 9
2022/4/11, , 11, 10
2022/4/12, , 15, 16
2022/4/13, , 18, 24
2022/4/14, , 25, 27
2022/4/15, , 22, 23
2022/4/16, , 25, 15
2022/4/17, , 12, 22
2022/4/18, , 19, 23
2022/4/19, , 25, 24
2022/4/20, , 34, 26
2022/4/21, , 25, 24
2022/4/22, , 27, 16
2022/4/23, , 26, 22
2022/4/24, , 26, 22
2022/4/25, , 30, 22
2022/4/26, , 26, 24
2022/4/27, , 24, 25
2022/4/28, , 31, 25
2022/4/29, , 42, 20
2022/4/30, , 22, 20
2022/5/1, , 19, 26
2022/5/2, , 28, 26
2022/5/3, , 27, 23
2022/5/4, , 33, 21
2022/5/5, , 27, 25
2022/5/6, , 27, 17
2022/5/7, , 19, 18
2022/5/8, , 24, 15
2022/5/9, , 23, 21
2022/5/10, , 19, 10
2022/5/11, , 17, 8
2022/5/12, , 21, 19
2022/5/13, , 19, 14
2022/5/14, , 15, 12
2022/5/15, , 16, 13
2022/5/16, , 14, 11
2022/5/17, , 13, 14
2022/5/18, , 10, 20
2022/5/19, , 17, 21
2022/5/20, , 13, 14
2022/5/21, , 12, 15
2022/5/22, , 13, 21
2022/5/23, , 19, 12
2022/5/24, , 10, 14
2022/5/25, , 13, 11
2022/5/26, , 10, 12
2022/5/27, , 10, 21
2022/5/28, , 18, 20
2022/5/29, , 12, 19
2022/5/30, , 14, 20
2022/5/31, , 18, 20
2022/6/1, , 19, 19
2022/6/2, , 14, 32
2022/6/3, , 28, 16
2022/6/4, , 20, 16
2022/6/5, , 22, 10
2022/6/6, , 11, 11
2022/6/7, , 10, 9
2022/6/8, , 14, 13
2022/6/9, , 23, 5
2022/6/10, , 11, 16
2022/6/11, , 16, 15
2022/6/12, , 18, 21
2022/6/13, , 30, 18
2022/6/14, , 17, 27
2022/6/15, , 29, 25
2022/6/16, , 28, 26
2022/6/17, , 27, 17
2022/6/18, , 23, 11
2022/6/19, , 21, 18
2022/6/20, , 20, 20
2022/6/21, , 29, 25
2022/6/22, , 35, 11
2022/6/23, , 11, 9
2022/6/24, , 10, 1
2022/6/25, , 6, 2
2022/6/26, , 7, 15
2022/6/27, , 15, 9
2022/6/28, , 12, 12
2022/6/29, , 11, 5
2022/6/30, , 9, 13
2022/1/3, , 14, 14
2022/1/4, , 7, 26
2022/1/5, , 21, 19
2022/1/6, , 25, 11
2022/1/7, , 10, 10
2022/1/8, , 8, 18
2022/1/9, , 14, 25
2022/1/10, , 27, 9
2022/1/11, , 17, 19
2022/1/12, , 27, 22
2022/1/13, , 25, 26
2022/1/14, , 33, 20
2022/1/15, , 38, 12
2022/1/16, , 26, 31
2022/1/17, , 36, 25
2022/1/18, , 31, 21
2022/1/19, , 32, 31
2022/1/20, , 35, 33
2022/1/21, , 39, 27
2022/1/22, , 34, 11
2022/1/23, , 17, 22
2022/1/24, , 34, 18
2022/1/25, , 38, 21
2022/1/26, , 47, 16
2022/1/27, , 33, 25
2022/1/28, , 21, 12
2022/1/29, , 11, 23
2022/1/30, , 26, 20
2022/1/31, , 26, 23
2022/2/1, , 21, 18
2022/2/2, , 18, 12
2022/2/3, , 17, 13
2022/2/4, , 14, 15
2022/2/5, , 17, 8
2022/2/6, , 9, 27
2022/2/7, , 26, 14
2022/2/8, , 15, 11
2022/2/9, , 16, 23
2022/2/10, , 24, 32
2022/2/11, , 32, 19
2022/2/12, , 25, 6
2022/2/13, , 20, 11
2022/2/14, , 14, 9
2022/2/15, , 12, 7
2022/2/16, , 6, 11
2022/2/17, , 29, 6
2022/2/18, , 17, 6
2022/2/19, , 11, 5
2022/2/20, , 14, 12
2022/2/21, , 24, 12
2022/2/22, , 22, 14
2022/2/23, , 19, 13
2022/2/24, , 16, 25
2022/2/25, , 25, 18
2022/2/26, , 25, 7
2022/2/27, , 14, 25
2022/2/28, , 30, 25
2022/3/1, , 34, 20
2022/3/2, , 39, 18
2022/3/3, , 35, 28
2022/3/4, , 27, 23
2022/3/5, , 21, 23
2022/3/6, , 43, 18
2022/3/7, , 28, 11
2022/3/8, , 27, 15
2022/3/9, , 26, 17
2022/3/10, , 23, 4
2022/3/11, , 9, 3
2022/3/12, , 7, 5
2022/3/13, , 6, 16
2022/3/14, , 17, 14
2022/3/15, , 15, 10
2022/3/16, , 21, 27
2022/3/17, , 24, 26
2022/3/18, , 29, 14
2022/3/19, , 26, 14
2022/3/20, , 16, 22
2022/3/21, , 33, 19
2022/3/22, , 30, 29
2022/3/23, , 40, 32
2022/3/24, , 45, 35
2022/3/25, , 49, 26
2022/3/26, , 50, 22
2022/3/27, , 39, 22
2022/3/28, , 44, 20
2022/3/29, , 38, 25
2022/3/30, , 44, 22
2022/3/31, , 27, 19
2021/10/1, , 10, 4
2021/10/2, , 10, 11
2021/10/3, , 6, 10
2021/10/4, , 10, 12
2021/10/5, , 12, 15
2021/10/6, , 19, 21
2021/10/7, , 25, 28
2021/10/8, , 26, 26
2021/10/9, , 31, 24
2021/10/10, , 35, 26
2021/10/11, , 32, 24
2021/10/12, , 30, 26
2021/10/13, , 25, 17
2021/10/14, , 21, 27
2021/10/15, , 33, 15
2021/10/16, , 18, 19
2021/10/17, , 19, 17
2021/10/18, , 24, 5
2021/10/19, , 12, 3
2021/10/20, , 13, 15
2021/10/21, , 15, 22
2021/10/22, , 22, 20
2021/10/23, , 18, 16
2021/10/24, , 23, 11
2021/10/25, , 13, 12
2021/10/26, , 12, 7
2021/10/27, , 11, 20
2021/10/28, , 24, 11
2021/10/29, , 13, 11
2021/10/30, , 10, 7
2021/10/31, , 9, 7
2021/11/1, , 8, 17
2021/11/2, , 11, 30
2021/11/3, , 26, 32
2021/11/4, , 19, 34
2021/11/5, , 20, 20
2021/11/6, , 25, 21
2021/11/7, , 17, 29
2021/11/8, , 32, 22
2021/11/9, , 31, 26
2021/11/10, , 35, 21
2021/11/11, , 29, 20
2021/11/12, , 30, 22
2021/11/13, , 15, 29
2021/11/14, , 17, 27
2021/11/15, , 31, 20
2021/11/16, , 41, 28
2021/11/17, , 34, 22
2021/11/18, , 32, 18
2021/11/19, , 17, 11
2021/11/20, , 14, 20
2021/11/21, , 16, 25
2021/11/22, , 15, 29
2021/11/23, , 20, 30
2021/11/24, , 26, 30
2021/11/25, , 37, 19
2021/11/26, , 15, 20
2021/11/27, , 10, 19
2021/11/28, , 13, 38
2021/11/29, , 35, 13
2021/11/30, , 12, 17
2021/12/1, , 11, 29
2021/12/2, , 22, 18
2021/12/3, , 19, 20
2021/12/4, , 14, 16
2021/12/5, , 8, 20
2021/12/6, , 13, 12
2021/12/7, , 13, 12
2021/12/8, , 11, 11
2021/12/9, , 17, 17
2021/12/10, , 14, 19
2021/12/11, , 24, 11
2021/12/12, , 13, 9
2021/12/13, , 14, 12
2021/12/14, , 18, 14
2021/12/15, , 21, 35
2021/12/16, , 43, 29
2021/12/17, , 39, 21
2021/12/18, , 32, 18
2021/12/19, , 16, 13
2021/12/20, , 14, 24
2021/12/21, , 35, 12
2021/12/22, , 26, 12
2021/12/23, , 28, 13
2021/12/24, , 19, 17
2021/12/25, , 18, 12
2021/12/26, , 15, 7
2021/12/27, , 13, 7
2021/12/28, , 15, 11
2021/12/29, , 12, 6
2021/12/30, , 6, 12
2021/12/31, , 13, 3
2022/1/1, , 13, 
2021/7/1, , 28, 27
2021/7/2, , 29, 8
2021/7/3, , 16, 11
2021/7/4, , 12, 5
2021/7/5, , 10, 4
2021/7/6, , 10, 9
2021/7/7, , 13, 15
2021/7/8, , 15, 17
2021/7/9, , 17, 14
2021/7/10, , 15, 10
2021/7/11, , 14, 19
2021/7/12, , 19, 21
2021/7/13, , 27, 16
2021/7/14, , 21, 24
2021/7/15, , 25, 22
2021/7/16, , 23, 19
2021/7/17, , 26, 18
2021/7/18, , 18, 24
2021/7/19, , 24, 26
2021/7/20, , 29, 31
2021/7/21, , 35, 28
2021/7/22, , 30, 20
2021/7/23, , 24, 7
2021/7/24, , 17, 14
2021/7/25, , 14, 16
2021/7/26, , 26, 5
2021/7/27, , 17, 7
2021/7/28, , 15, 11
2021/7/29, , 18, 8
2021/7/30, , 16, 10
2021/7/31, , 16, 12
2021/8/1, , 13, 19
2021/8/2, , 19, 16
2021/8/3, , 18, 18
2021/8/4, , 20, 8
2021/8/6, , 12, 6
2021/8/7, , 10, 3
2021/8/8, , 12, 4
2021/8/9, , 11, 10
2021/8/10, , 15, 18
2021/8/11, , 19, 22
2021/8/12, , 26, 22
2021/8/13, , 24, 23
2021/8/14, , 24, 17
2021/8/15, , 23, 12
2021/8/16, , 22, 13
2021/8/17, , 20, 12
2021/8/18, , 16, 11
2021/8/19, , 10, 18
2021/8/20, , 16, 13
2021/8/21, , 14, 8
2021/8/22, , 13, 24
2021/8/23, , 25, 21
2021/8/24, , 23, 24
2021/8/25, , 24, 22
2021/8/26, , 22, 24
2021/8/27, , 22, 25
2021/8/28, , 21, 20
2021/8/29, , 18, 28
2021/8/30, , 21, 25
2021/8/31, , 22, 25
2021/9/1, , 24, 24
2021/9/2, , 27, 28
2021/9/3, , 34, 20
2021/9/4, , 32, 21
2021/9/5, , 27, 26
2021/9/6, , 27, 24
2021/9/7, , 26, 20
2021/9/8, , 27, 9
2021/9/9, , 20, 14
2021/9/10, , 14, 15
2021/9/11, , 14, 24
2021/9/12, , 19, 21
2021/9/13, , 21, 15
2021/9/14, , 19, 25
2021/9/15, , 25, 27
2021/9/16, , 27, 17
2021/9/17, , 20, 20
2021/9/18, , 15, 19
2021/9/19, , 18, 19
2021/9/20, , 23, 26
2021/9/21, , 25, 25
2021/9/22, , 24, 25
2021/9/23, , 28, 10
2021/9/24, , 11, 15
2021/9/25, , 17, 11
2021/9/26, , 16, 13
2021/9/27, , 13, 7
2021/9/28, , 12, 15
2021/9/29, , 11, 8
2021/9/30, , 12, 7
2021/4/1, , 47, 22
2021/4/2, , 29, 17
2021/4/3, , 22, 15
2021/4/4, , 28, 14
2021/4/5, , 24, 26
2021/4/6, , 28, 24
2021/4/7, , 26, 15
2021/4/8, , 20, 22
2021/4/9, , 32, 23
2021/4/10, , 20, 13
2021/4/11, , 15, 26
2021/4/12, , 22, 23
2021/4/13, , 24, 27
2021/4/14, , 31, 26
2021/4/15, , 27, 28
2021/4/16, , 32, 18
2021/4/17, , 26, 16
2021/4/18, , 19, 24
2021/4/19, , 32, 27
2021/4/20, , 35, 27
2021/4/21, , 52, 19
2021/4/22, , 26, 17
2021/4/23, , 27, 14
2021/4/24, , 27, 11
2021/4/25, , 23, 21
2021/4/26, , 27, 24
2021/4/27, , 36, 27
2021/4/28, , 47, 31
2021/4/29, , 36, 30
2021/4/30, , 31, 20
2021/5/1, , 28, 19
2021/5/2, , 34, 14
2021/5/3, , 26, 9
2021/5/4, , 22, 14
2021/5/5, , 17, 21
2021/5/6, , 16, 24
2021/5/7, , 20, 7
2021/5/8, , 14, 8
2021/5/9, , 17, 2
2021/5/10, , 9, 11
2021/5/11, , 15, 6
2021/5/12, , 13, 6
2021/5/13, , 9, 18
2021/5/14, , 15, 8
2021/5/15, , 15, 5
2021/5/16, , 9, 13
2021/5/17, , 15, 17
2021/5/18, , 16, 19
2021/5/19, , 14, 5
2021/5/20, , 12, 4
2021/5/21, , 15, 8
2021/5/22, , 11, 4
2021/5/23, , 12, 4
2021/5/24, , 8, 11
2021/5/25, , 15, 20
2021/5/26, , 16, 30
2021/5/27, , 23, 25
2021/5/28, , 18, 23
2021/5/29, , 19, 18
2021/5/30, , 19, 20
2021/5/31, , 22, 23
2021/6/1, , 18, 21
2021/6/2, , 22, 26
2021/6/3, , 30, 23
2021/6/4, , 20, 23
2021/6/5, , 22, 19
2021/6/6, , 16, 24
2021/6/7, , 18, 25
2021/6/8, , 20, 25
2021/6/9, , 20, 22
2021/6/10, , 20, 19
2021/6/11, , 20, 16
2021/6/12, , 16, 13
2021/6/13, , 15, 29
2021/6/14, , 24, 28
2021/6/15, , 32, 16
2021/6/16, , 26, 8
2021/6/17, , 19, 12
2021/6/18, , 16, 17
2021/6/19, , 15, 10
2021/6/20, , 11, 14
2021/6/21, , 16, 22
2021/6/22, , 18, 25
2021/6/23, , 26, 29
2021/6/24, , 25, 14
2021/6/25, , 20, 5
2021/6/26, , 9, 12
2021/6/27, , 16, 19
2021/6/28, , 20, 17
2021/6/29, , 18, 24
2021/6/30, , 21, 22
2021/1/4, , 22, 23
2021/1/5, , 22, 27
2021/1/6, , 35, 28
2021/1/7, , 33, 26
2021/1/8, , 29, 25
2021/1/9, , 42, 24
2021/1/10, , 44, 20
2021/1/11, , 37, 22
2021/1/12, , 12, 21
2021/1/13, , 14, 15
2021/1/14, , 10, 29
2021/1/15, , 31, 17
2021/1/16, , 32, 21
2021/1/17, , 24, 17
2021/1/18, , 20, 6
2021/1/19, , 12, 5
2021/1/20, , 14, 5
2021/1/21, , 10, 19
2021/1/22, , 13, 21
2021/1/23, , 12, 14
2021/1/24, , 15, 29
2021/1/25, , 21, 24
2021/1/26, , 23, 16
2021/1/27, , 13, 13
2021/1/28, , 9, 12
2021/1/29, , 15, 11
2021/1/30, , 16, 11
2021/1/31, , 16, 24
2021/2/1, , 20, 10
2021/2/2, , 12, 13
2021/2/3, , 13, 15
2021/2/4, , 15, 15
2021/2/5, , 17, 27
2021/2/6, , 25, 17
2021/2/7, , 14, 26
2021/2/8, , 38, 21
2021/2/9, , 42, 25
2021/2/10, , 39, 15
2021/2/11, , 25, 18
2021/2/12, , 21, 9
2021/2/13, , 16, 7
2021/2/14, , 21, 10
2021/2/15, , 18, 12
2021/2/16, , 15, 13
2021/2/17, , 16, 19
2021/2/18, , 17, 13
2021/2/19, , 18, 6
2021/2/20, , 32, 10
2021/2/21, , 20, 15
2021/2/22, , 34, 7
2021/2/23, , 23, 10
2021/2/24, , 26, 31
2021/2/25, , 43, 31
2021/2/26, , 32, 25
2021/2/27, , 27, 16
2021/2/28, , 30, 23
2021/3/1, , 25, 24
2021/3/2, , 47, 32
2021/3/3, , 56, 17
2021/3/4, , 23, 29
2021/3/5, , 21, 22
2021/3/6, , 22, 22
2021/3/7, , 35, 29
2021/3/8, , 36, 29
2021/3/9, , 43, 13
2021/3/10, , 31, 7
2021/3/11, , 16, 9
2021/3/12, , 17, 5
2021/3/13, , 11, 9
2021/3/14, , 16, 22
2021/3/15, , 25, 23
2021/3/16, , 28, 24
2021/3/17, , 29, 30
2021/3/18, , 26, 28
2021/3/19, , 20, 19
2021/3/20, , 22, 14
2021/3/21, , 25, 32
2021/3/22, , 35, 21
2021/3/23, , 36, 26
2021/3/24, , 36, 19
2021/3/25, , 24, 7
2021/3/26, , 13, 11
2021/3/27, , 19, 5
2021/3/28, , 15, 21
2021/3/29, , 24, 26
2021/3/30, , 33, 24
2021/3/31, , 36, 31
2020/10/1, , 10, 7
2020/10/2, , 7, 8
2020/10/3, , 9, 3
2020/10/4, , 6, 8
2020/10/5, , 5, 8
2020/10/6, , 11, 17
2020/10/7, , 15, 6
2020/10/8, , 9, 23
2020/10/9, , 13, 21
2020/10/10, , 14, 21
2020/10/11, , 11, 15
2020/10/12, , 14, 17
2020/10/13, , 13, 25
2020/10/14, , 22, 28
2020/10/15, , 19, 31
2020/10/16, , 24, 25
2020/10/17, , 28, 21
2020/10/18, , 29, 11
2020/10/19, , 20, 9
2020/10/20, , 15, 3
2020/10/21, , 8, 16
2020/10/22, , 14, 14
2020/10/23, , 19, 4
2020/10/24, , 15, 5
2020/10/25, , 14, 8
2020/10/26, , 12, 7
2020/10/27, , 14, 5
2020/10/28, , 14, 8
2020/10/29, , 14, 4
2020/10/30, , 9, 3
2020/10/31, , 16, 2
2020/11/1, , 12, 6
2020/11/2, , 13, 9
2020/11/3, , 14, 28
2020/11/4, , 23, 25
2020/11/5, , 28, 14
2020/11/6, , 24, 17
2020/11/7, , 30, 10
2020/11/8, , 25, 17
2020/11/9, , 23, 18
2020/11/10, , 23, 7
2020/11/11, , 17, 12
2020/11/12, , 18, 15
2020/11/13, , 18, 6
2020/11/14, , 20, 2
2020/11/15, , 15, 10
2020/11/16, , 16, 9
2020/11/17, , 19, 8
2020/11/18, , 18, 18
2020/11/19, , 19, 24
2020/11/20, , 25, 7
2020/11/21, , 15, 6
2020/11/22, , 18, 18
2020/11/23, , 22, 12
2020/11/24, , 21, 19
2020/11/25, , 32, 24
2020/11/26, , 46, 23
2020/11/27, , 47, 20
2020/11/28, , 33, 17
2020/11/29, , 30, 15
2020/11/30, , 37, 27
2020/12/1, , 28, 29
2020/12/2, , 30, 8
2020/12/3, , 18, 6
2020/12/4, , 10, 4
2020/12/5, , 8, 15
2020/12/6, , 14, 15
2020/12/7, , 22, 26
2020/12/8, , 32, 18
2020/12/9, , 20, 8
2020/12/10, , 15, 14
2020/12/11, , 15, 18
2020/12/12, , 16, 8
2020/12/13, , 13, 6
2020/12/14, , 11, 14
2020/12/15, , 17, 7
2020/12/16, , 12, 13
2020/12/17, , 15, 8
2020/12/18, , 13, 6
2020/12/19, , 23, 8
2020/12/20, , 18, 6
2020/12/21, , 10, 10
2020/12/22, , 8, 6
2020/12/23, , 8, 22
2020/12/24, , 12, 23
2020/12/25, , 13, 13
2020/12/26, , 16, 7
2020/12/27, , 7, 14
2020/12/28, , 9, 20
2020/12/29, , 14, 21
2020/12/30, , 16, 29
2020/12/31, , 16, 21
2021/1/1, , 42, 20
2021/1/2, , 46, 18
2021/1/3, , 30, 22
2020/7/1, , 14, 14
2020/7/2, , 13, 16
2020/7/3, , 16, 3
2020/7/4, , 8, 5
2020/7/5, , 8, 16
2020/7/6, , 22, 18
2020/7/7, , 19, 12
2020/7/8, , 15, 12
2020/7/9, , 12, 20
2020/7/10, , 18, 25
2020/7/11, , 18, 18
2020/7/12, , 14, 27
2020/7/13, , 19, 15
2020/7/14, , 14, 22
2020/7/15, , 19, 19
2020/7/16, , 19, 22
2020/7/17, , 20, 17
2020/7/18, , 18, 16
2020/7/19, , 20, 23
2020/7/20, , 18, 26
2020/7/21, , 22, 23
2020/7/22, , 17, 28
2020/7/23, , 24, 19
2020/7/24, , 17, 6
2020/7/25, , 9, 8
2020/7/26, , 11, 10
2020/7/27, , 13, 15
2020/7/28, , 16, 23
2020/7/29, , 22, 23
2020/7/30, , 21, 26
2020/7/31, , 32, 17
2020/8/1, , 15, 13
2020/8/2, , 12, 19
2020/8/3, , 18, 18
2020/8/4, , 18, 19
2020/8/5, , 22, 22
2020/8/7, , 19, 30
2020/8/8, , 25, 21
2020/8/9, , 25, 29
2020/8/10, , 30, 32
2020/8/11, , 34, 23
2020/8/12, , 29, 18
2020/8/13, , 20, 15
2020/8/14, , 16, 15
2020/8/15, , 14, 19
2020/8/16, , 19, 15
2020/8/17, , 11, 7
2020/8/18, , 10, 6
2020/8/19, , 8, 15
2020/8/20, , 11, 7
2020/8/21, , 15, 8
2020/8/22, , 14, 9
2020/8/23, , 14, 12
2020/8/24, , 14, 8
2020/8/25, , 12, 12
2020/8/26, , 16, 10
2020/8/27, , 15, 10
2020/8/28, , 12, 17
2020/8/29, , 14, 17
2020/8/30, , 12, 31
2020/8/31, , 20, 31
2020/9/1, , 23, 29
2020/9/2, , 26, 18
2020/9/3, , 17, 26
2020/9/4, , 16, 20
2020/9/7, , 19, 18
2020/9/8, , 19, 21
2020/9/9, , 26, 20
2020/9/10, , 24, 29
2020/9/11, , 30, 22
2020/9/12, , 19, 16
2020/9/13, , 14, 29
2020/9/14, , 25, 42
2020/9/15, , 33, 38
2020/9/16, , 42, 27
2020/9/17, , 30, 31
2020/9/18, , 27, 30
2020/9/19, , 30, 24
2020/9/20, , 21, 38
2020/9/21, , 32, 33
2020/9/22, , 36, 7
2020/9/23, , 14, 4
2020/9/24, , 7, 18
2020/9/25, , 13, 17
2020/9/26, , 15, 17
2020/9/27, , 11, 22
2020/9/28, , 18, 16
2020/9/29, , 14, 8
2020/9/30, , 9, 12
2020/4/1, , 25, 22
2020/4/2, , 25, 21
2020/4/3, , 24, 9
2020/4/4, , 16, 5
2020/4/5, , 13, 16
2020/4/6, , 16, 18
2020/4/7, , 19, 18
2020/4/8, , 23, 19
2020/4/9, , 25, 19
2020/4/10, , 31, 15
2020/4/11, , 24, 9
2020/4/12, , 20, 8
2020/4/13, , 21, 17
2020/4/14, , 20, 14
2020/4/15, , 20, 22
2020/4/16, , 20, 16
2020/4/17, , 29, 8
2020/4/18, , 19, 7
2020/4/19, , 27, 17
2020/4/20, , 30, 16
2020/4/21, , 22, 16
2020/4/22, , 26, 20
2020/4/23, , 35, 20
2020/4/24, , 34, 7
2020/4/25, , 24, 6
2020/4/26, , 22, 18
2020/4/27, , 25, 5
2020/4/28, , 12, 4
2020/4/29, , 10, 4
2020/4/30, , 11, 2
2020/5/1, , 11, 7
2020/5/2, , 14, 8
2020/5/3, , 10, 17
2020/5/4, , 15, 16
2020/5/5, , 24, 18
2020/5/6, , 19, 19
2020/5/7, , 19, 13
2020/5/8, , 19, 14
2020/5/9, , 26, 8
2020/5/10, , 12, 14
2020/5/11, , 21, 19
2020/5/12, , 19, 24
2020/5/13, , 18, 19
2020/5/14, , 15, 25
2020/5/15, , 20, 20
2020/5/16, , 20, 15
2020/5/17, , 23, 24
2020/5/18, , 22, 25
2020/5/19, , 23, 18
2020/5/20, , 17, 18
2020/5/21, , 17, 19
2020/5/22, , 22, 9
2020/5/23, , 21, 8
2020/5/24, , 19, 23
2020/5/25, , 24, 26
2020/5/26, , 28, 29
2020/5/27, , 24, 23
2020/5/28, , 20, 20
2020/5/29, , 18, 19
2020/5/30, , 21, 17
2020/5/31, , 16, 18
2020/6/1, , 16, 32
2020/6/2, , 30, 32
2020/6/3, , 27, 26
2020/6/4, , 21, 13
2020/6/5, , 15, 11
2020/6/6, , 15, 13
2020/6/7, , 13, 24
2020/6/8, , 19, 28
2020/6/9, , 19, 25
2020/6/10, , 22, 16
2020/6/11, , 14, 12
2020/6/12, , 12, 8
2020/6/13, , 13, 6
2020/6/14, , 13, 13
2020/6/15, , 14, 16
2020/6/16, , 15, 17
2020/6/17, , 15, 18
2020/6/18, , 17, 16
2020/6/19, , 14, 16
2020/6/20, , 15, 9
2020/6/21, , 13, 20
2020/6/22, , 24, 23
2020/6/23, , 23, 26
2020/6/24, , 22, 29
2020/6/25, , 22, 27
2020/6/26, , 27, 7
2020/6/27, , 14, 9
2020/6/28, , 13, 13
2020/6/29, , 16, 5
2020/6/30, , 10, 12
2020/1/1, , 25, 15
2020/1/2, , 20, 17
2020/1/3, , 15, 31
2020/1/4, , 26, 24
2020/1/5, , 17, 19
2020/1/6, , 21, 14
2020/1/7, , 20, 10
2020/1/8, , 8, 4
2020/1/9, , 5, 28
2020/1/10, , 20, 12
2020/1/11, , 15, 12
2020/1/12, , 13, 15
2020/1/13, , 15, 2
2020/1/14, , 5, 14
2020/1/15, , 12, 16
2020/1/16, , 15, 12
2020/1/17, , 13, 28
2020/1/18, , 22, 31
2020/1/19, , 36, 36
2020/1/20, , 39, 31
2020/1/21, , 40, 32
2020/1/22, , 50, 27
2020/1/23, , 39, 15
2020/1/24, , 37, 17
2020/1/25, , 26, 11
2020/1/26, , 30, 12
2020/1/27, , 10, 12
2020/1/28, , 9, 23
2020/1/29, , 18, 16
2020/1/30, , 13, 9
2020/1/31, , 7, 13
2020/2/1, , 9, 13
2020/2/2, , 10, 19
2020/2/3, , 16, 20
2020/2/4, , 20, 36
2020/2/5, , 29, 27
2020/2/6, , 30, 17
2020/2/7, , 22, 11
2020/2/8, , 18, 1
2020/2/9, , 8, 10
2020/2/10, , 20, 16
2020/2/11, , 15, 22
2020/2/12, , 15, 12
2020/2/13, , 15, 14
2020/2/14, , 22, 3
2020/2/15, , 15, 3
2020/2/16, , 5, 9
2020/2/17, , 12, 12
2020/2/18, , 14, 20
2020/2/19, , 17, 10
2020/2/20, , 10, 14
2020/2/21, , 16, 10
2020/2/22, , 13, 7
2020/2/23, , 5, 8
2020/2/24, , 6, 14
2020/2/25, , 10, 23
2020/2/26, , 18, 18
2020/2/27, , 15, 18
2020/2/28, , 23, 5
2020/2/29, , 24, 8
2020/3/1, , 13, 19
2020/3/2, , 14, 34
2020/3/3, , 24, 14
2020/3/4, , 17, 15
2020/3/5, , 16, 32
2020/3/6, , 23, 20
2020/3/7, , 29, 9
2020/3/8, , 11, 19
2020/3/9, , 20, 10
2020/3/10, , 7, 6
2020/3/11, , 8, 12
2020/3/12, , 15, 21
2020/3/13, , 22, 13
2020/3/14, , 12, 11
2020/3/15, , 15, 31
2020/3/16, , 25, 17
2020/3/17, , 25, 17
2020/3/18, , 28, 17
2020/3/19, , 24, 13
2020/3/20, , 33, 5
2020/3/21, , 11, 3
2020/3/22, , 10, 4
2020/3/23, , 11, 9
2020/3/24, , 15, 20
2020/3/25, , 20, 22
2020/3/26, , 28, 25
2020/3/27, , 42, 16
2020/3/28, , 49, 5
2020/3/29, , 15, 19
2020/3/30, , 17, 18
2020/3/31, , 16, 19
2019/10/1, , 7, 28
2019/10/2, , 19, 16
2019/10/3, , 19, 18
2019/10/4, , 20, 18
2019/10/5, , 11, 11
2019/10/6, , 12, 14
2019/10/7, , 14, 16
2019/10/8, , 13, 8
2019/10/9, , 12, 12
2019/10/10, , 14, 8
2019/10/11, , 11, 8
2019/10/12, , 10, 16
2019/10/13, , 19, 16
2019/10/14, , 14, 9
2019/10/15, , 9, 6
2019/10/16, , 6, 10
2019/10/17, , 8, 6
2019/10/18, , 9, 10
2019/10/19, , 9, 28
2019/10/20, , 25, 27
2019/10/21, , 14, 21
2019/10/22, , 19, 21
2019/10/23, , 25, 15
2019/10/24, , 23, 11
2019/10/25, , 12, 5
2019/10/26, , 10, 27
2019/10/27, , 16, 30
2019/10/28, , 26, 26
2019/10/29, , 24, 15
2019/10/30, , 23, 18
2019/10/31, , 33, 11
2019/11/1, , 14, 4
2019/11/2, , 11, 13
2019/11/3, , 8, 8
2019/11/4, , 9, 22
2019/11/5, , 20, 26
2019/11/6, , 20, 14
2019/11/7, , 12, 31
2019/11/8, , 24, 15
2019/11/9, , 21, 17
2019/11/10, , 13, 15
2019/11/11, , 13, 20
2019/11/12, , 10, 18
2019/11/13, , 14, 14
2019/11/14, , 10, 38
2019/11/15, , 27, 12
2019/11/16, , 11, 30
2019/11/17, , 29, 34
2019/11/18, , 31, 31
2019/11/19, , 37, 24
2019/11/20, , 27, 12
2019/11/21, , 23, 10
2019/11/22, , 11, 11
2019/11/23, , 11, 16
2019/11/24, , 22, 10
2019/11/25, , 16, 8
2019/11/26, , 16, 7
2019/11/27, , 12, 14
2019/11/28, , 11, 39
2019/11/29, , 22, 23
2019/11/30, , 22, 25
2019/12/1, , 22, 39
2019/12/2, , 35, 26
2019/12/3, , 37, 19
2019/12/4, , 27, 19
2019/12/5, , 37, 11
2019/12/6, , 22, 14
2019/12/7, , 21, 8
2019/12/8, , 13, 23
2019/12/9, , 21, 19
2019/12/10, , 28, 17
2019/12/11, , 17, 13
2019/12/12, , 12, 16
2019/12/13, , 18, 11
2019/12/14, , 21, 9
2019/12/15, , 25, 22
2019/12/16, , 16, 19
2019/12/17, , 19, 15
2019/12/18, , 16, 9
2019/12/19, , 22, 8
2019/12/20, , 14, 5
2019/12/21, , 20, 13
2019/12/22, , 12, 17
2019/12/23, , 18, 11
2019/12/24, , 17, 28
2019/12/25, , 18, 15
2019/12/26, , 19, 28
2019/12/27, , 19, 12
2019/12/28, , 14, 21
2019/12/29, , 30, 
2019/7/1, , 19, 25
2019/7/2, , 27, 25
2019/7/3, , 46, 25
2019/7/4, , 35, 36
2019/7/5, , 35, 32
2019/7/6, , 30, 20
2019/7/7, , 25, 22
2019/7/8, , 20, 22
2019/7/9, , 25, 30
2019/7/10, , 32, 35
2019/7/11, , 44, 20
2019/7/12, , 20, 24
2019/7/13, , 23, 16
2019/7/14, , 16, 25
2019/7/15, , 35, 24
2019/7/16, , 36, 24
2019/7/17, , 28, 13
2019/7/18, , 19, 8
2019/7/19, , 17, 13
2019/7/20, , 18, 13
2019/7/21, , 14, 27
2019/7/22, , 21, 16
2019/7/23, , 24, 38
2019/7/24, , 36, 23
2019/7/25, , 42, 27
2019/7/26, , 30, 21
2019/7/27, , 19, 13
2019/7/28, , 16, 12
2019/7/29, , 17, 3
2019/7/30, , 15, 10
2019/7/31, , 12, 26
2019/8/2, , 22, 20
2019/8/3, , 18, 18
2019/8/4, , 18, 12
2019/8/5, , 15, 10
2019/8/6, , 14, 20
2019/8/7, , 17, 15
2019/8/8, , 14, 13
2019/8/9, , 14, 6
2019/8/10, , 15, 7
2019/8/11, , 14, 14
2019/8/12, , 12, 12
2019/8/13, , 12, 5
2019/8/14, , 8, 8
2019/8/15, , 13, 5
2019/8/16, , 12, 11
2019/8/17, , 11, 12
2019/8/18, , 10, 16
2019/8/19, , 18, 26
2019/8/20, , 19, 29
2019/8/21, , 20, 28
2019/8/22, , 21, 29
2019/8/23, , 20, 24
2019/8/24, , 19, 31
2019/8/25, , 20, 27
2019/8/26, , 28, 28
2019/8/27, , 29, 23
2019/8/28, , 30, 25
2019/8/29, , 19, 25
2019/8/30, , 18, 26
2019/8/31, , 18, 16
2019/9/1, , 14, 26
2019/9/2, , 23, 24
2019/9/3, , 19, 19
2019/9/4, , 17, 28
2019/9/5, , 22, 25
2019/9/6, , 21, 21
2019/9/7, , 15, 24
2019/9/8, , 17, 15
2019/9/9, , 14, 25
2019/9/10, , 22, 21
2019/9/11, , 17, 15
2019/9/12, , 12, 24
2019/9/13, , 18, 23
2019/9/14, , 19, 27
2019/9/15, , 20, 26
2019/9/16, , 27, 23
2019/9/17, , 19, 28
2019/9/18, , 25, 31
2019/9/19, , 21, 21
2019/9/20, , 19, 10
2019/9/21, , 18, 16
2019/9/22, , 16, 6
2019/9/23, , 10, 9
2019/9/24, , 9, 8
2019/9/25, , 11, 5
2019/9/26, , 7, 9
2019/9/27, , 14, 6
2019/9/28, , 10, 3
2019/9/29, , 7, 8
2019/9/30, , 13, 6
2019/4/1, , 41, 25
2019/4/2, , 41, 11
2019/4/3, , 9, 10
2019/4/4, , 13, 11
2019/4/5, , 12, 27
2019/4/6, , 27, 27
2019/4/7, , 28, 27
2019/4/8, , 43, 35
2019/4/9, , 40, 34
2019/4/10, , 52, 34
2019/4/11, , 44, 35
2019/4/12, , 43, 23
2019/4/13, , 29, 23
2019/4/14, , 25, 16
2019/4/15, , 38, 31
2019/4/16, , 37, 14
2019/4/17, , 22, 28
2019/4/18, , 25, 31
2019/4/19, , 41, 
2019/4/20, , 43, 31
2019/4/21, , 32, 25
2019/4/22, , 26, 32
2019/4/23, , 40, 11
2019/4/24, , 23, 5
2019/4/25, , 5, 11
2019/4/26, , 11, 12
2019/4/27, , 19, 15
2019/4/28, , 19, 
2019/4/29, , 27, 
2019/4/30, , 34, 23
2019/5/1, , 37, 27
2019/5/2, , 35, 32
2019/5/3, , 24, 25
2019/5/4, , 19, 
2019/5/5, , 16, 36
2019/5/6, , 25, 14
2019/5/7, , 18, 6
2019/5/8, , 10, 20
2019/5/9, , 15, 21
2019/5/10, , 18, 24
2019/5/11, , 20, 23
2019/5/12, , 17, 24
2019/5/13, , 18, 27
2019/5/14, , 25, 29
2019/5/15, , 27, 30
2019/5/16, , 27, 41
2019/5/17, , 40, 29
2019/5/18, , 44, 28
2019/5/19, , 48, 36
2019/5/20, , 32, 33
2019/5/21, , 34, 31
2019/5/22, , 24, 21
2019/5/23, , 20, 33
2019/5/24, , 29, 25
2019/5/25, , 29, 15
2019/5/26, , 17, 21
2019/5/27, , 20, 23
2019/5/28, , 19, 18
2019/5/29, , 17, 10
2019/5/30, , 10, 12
2019/5/31, , 13, 10
2019/6/1, , 13, 15
2019/6/2, , 15, 29
2019/6/3, , 23, 17
2019/6/4, , 20, 19
2019/6/5, , 15, 6
2019/6/6, , 11, 10
2019/6/7, , 10, 10
2019/6/8, , 12, 19
2019/6/9, , 20, 21
2019/6/10, , 15, 10
2019/6/11, , 9, 15
2019/6/12, , 11, 6
2019/6/13, , 7, 14
2019/6/14, , 13, 16
2019/6/15, , 16, 2
2019/6/16, , 8, 18
2019/6/17, , 18, 21
2019/6/18, , 22, 26
2019/6/19, , 24, 20
2019/6/20, , 21, 29
2019/6/21, , 21, 22
2019/6/22, , 18, 13
2019/6/23, , 22, 30
2019/6/24, , 25, 28
2019/6/25, , 27, 31
2019/6/26, , 33, 27
2019/6/27, , 33, 22
2019/6/28, , 24, 12
2019/6/29, , 19, 14
2019/6/30, , 24, 21
2019/1/1, , 21, 39
2019/1/2, , 28, 41
2019/1/3, , 33, 35
2019/1/4, , 39, 31
2019/1/5, , 46, 27
2019/1/6, , 35, 22
2019/1/7, , 28, 30
2019/1/8, , 34, 36
2019/1/9, , 31, 41
2019/1/10, , 28, 35
2019/1/11, , 39, 21
2019/1/12, , 21, 9
2019/1/13, , 15, 31
2019/1/14, , 32, 21
2019/1/15, , 23, 8
2019/1/16, , 17, 30
2019/1/17, , 22, 27
2019/1/18, , 32, 11
2019/1/19, , 20, 27
2019/1/20, , 29, 29
2019/1/21, , 55, 19
2019/1/22, , 35, 35
2019/1/23, , 20, 28
2019/1/24, , 35, 24
2019/1/25, , 31, 10
2019/1/26, , 10, 10
2019/1/27, , 11, 30
2019/1/28, , 29, 25
2019/1/29, , 24, 25
2019/1/30, , 14, 16
2019/1/31, , 14, 27
2019/2/1, , 21, 29
2019/2/2, , 26, 30
2019/2/3, , 35, 16
2019/2/4, , 18, 8
2019/2/5, , 10, 12
2019/2/6, , 14, 18
2019/2/7, , 17, 6
2019/2/8, , 10, 8
2019/2/9, , 16, 11
2019/2/10, , 7, 35
2019/2/11, , 30, 34
2019/2/12, , 39, 29
2019/2/13, , 34, 33
2019/2/14, , 47, 33
2019/2/15, , 51, 32
2019/2/16, , 49, 28
2019/2/17, , 37, 30
2019/2/18, , 40, 24
2019/2/19, , 30, 19
2019/2/20, , 31, 31
2019/2/21, , 51, 33
2019/2/22, , 57, 28
2019/2/23, , 40, 25
2019/2/24, , 29, 33
2019/2/25, , 43, 35
2019/2/26, , 57, 41
2019/2/27, , 86, 26
2019/2/28, , 72, 27
2019/3/1, , 29, 12
2019/3/2, , 19, 3
2019/3/3, , 14, 18
2019/3/4, , 20, 12
2019/3/5, , 12, 7
2019/3/6, , 11, 13
2019/3/7, , 13, 13
2019/3/8, , 23, 13
2019/3/9, , 18, 8
2019/3/10, , 21, 26
2019/3/11, , 27, 10
2019/3/12, , 18, 18
2019/3/13, , 25, 16
2019/3/14, , 13, 13
2019/3/15, , 14, 5
2019/3/16, , 9, 14
2019/3/17, , 11, 32
2019/3/18, , 34, 30
2019/3/19, , 33, 42
2019/3/20, , 42, 38
2019/3/21, , 48, 32
2019/3/22, , 42, 33
2019/3/23, , 41, 28
2019/3/24, , 31, 35
2019/3/25, , 37, 33
2019/3/26, , 41, 38
2019/3/27, , 56, 36
2019/3/28, , 41, 32
2019/3/29, , 40, 23
2019/3/30, , 34, 35
2019/3/31, , 43, 28
2018/10/1, , 25, 20
2018/10/2, , 17, 29
2018/10/3, , 22, 25
2018/10/4, , 24, 29
2018/10/5, , 29, 25
2018/10/6, , 25, 21
2018/10/7, , 17, 37
2018/10/8, , 32, 26
2018/10/9, , 28, 26
2018/10/10, , 30, 9
2018/10/11, , 10, 9
2018/10/12, , 9, 15
2018/10/13, , 15, 20
2018/10/14, , 18, 18
2018/10/15, , 16, 25
2018/10/16, , 27, 32
2018/10/17, , 30, 34
2018/10/18, , 26, 33
2018/10/19, , 37, 35
2018/10/20, , 28, 29
2018/10/21, , 33, 32
2018/10/22, , 30, 30
2018/10/23, , 32, 28
2018/10/24, , 29, 29
2018/10/25, , 32, 27
2018/10/26, , 25, 32
2018/10/27, , 23, 22
2018/10/28, , 17, 27
2018/10/29, , 24, 22
2018/10/30, , 18, 23
2018/10/31, , 25, 14
2018/11/1, , 13, 37
2018/11/2, , 33, 23
2018/11/3, , 32, 23
2018/11/4, , 33, 27
2018/11/5, , 34, 20
2018/11/6, , 22, 7
2018/11/7, , 7, 13
2018/11/8, , 13, 15
2018/11/9, , 18, 4
2018/11/10, , 6, 6
2018/11/11, , 7, 14
2018/11/12, , 8, 21
2018/11/13, , 18, 31
2018/11/14, , 32, 20
2018/11/15, , 24, 15
2018/11/16, , 14, 14
2018/11/17, , 29, 21
2018/11/18, , 24, 27
2018/11/19, , 32, 24
2018/11/20, , 26, 16
2018/11/21, , 33, 19
2018/11/22, , 40, 19
2018/11/23, , 27, 15
2018/11/24, , 24, 23
2018/11/25, , 24, 29
2018/11/26, , 41, 16
2018/11/27, , 23, 11
2018/11/28, , 17, 7
2018/11/29, , 17, 18
2018/11/30, , 20, 11
2018/12/1, , 20, 9
2018/12/2, , 6, 14
2018/12/3, , 11, 31
2018/12/4, , 24, 15
2018/12/5, , 21, 16
2018/12/6, , 13, 13
2018/12/7, , 15, 8
2018/12/8, , 16, 13
2018/12/9, , 18, 33
2018/12/10, , 20, 30
2018/12/11, , 42, 22
2018/12/12, , 32, 19
2018/12/13, , 26, 32
2018/12/14, , 39, 13
2018/12/15, , 31, 13
2018/12/16, , 18, 21
2018/12/17, , 18, 9
2018/12/18, , 15, 11
2018/12/19, , 9, 10
2018/12/20, , 12, 15
2018/12/21, , 12, 18
2018/12/22, , 22, 12
2018/12/23, , 14, 27
2018/12/24, , 14, 23
2018/12/25, , 27, 26
2018/12/26, , 43, 19
2018/12/27, , 37, 17
2018/12/28, , 48, 18
2018/12/29, , 43, 26
2018/12/30, , 17, 
2018/7/2, , 22, 28
2018/7/3, , 21, 35
2018/7/4, , 32, 43
2018/7/5, , 26, 39
2018/7/6, , 32, 40
2018/7/7, , 35, 31
2018/7/8, , 31, 33
2018/7/9, , 21, 29
2018/7/10, , 17, 32
2018/7/11, , 24, 35
2018/7/12, , 29, 36
2018/7/13, , 33, 28
2018/7/14, , 24, 28
2018/7/15, , 27, 34
2018/7/16, , 19, 26
2018/7/17, , 20, 30
2018/7/18, , 21, 29
2018/7/19, , 28, 36
2018/7/20, , 31, 22
2018/7/21, , 24, 23
2018/7/22, , 33, 34
2018/7/23, , 27, 35
2018/7/24, , 28, 36
2018/7/25, , 26, 27
2018/7/26, , 30, 45
2018/7/27, , 39, 9
2018/7/28, , 15, 2
2018/7/29, , 11, 4
2018/7/30, , 7, 15
2018/7/31, , 11, 28
2018/8/1, , 16, 31
2018/8/2, , 20, 41
2018/8/3, , 27, 31
2018/8/4, , 24, 19
2018/8/5, , 14, 31
2018/8/6, , 23, 36
2018/8/7, , 30, 18
2018/8/8, , 15, 23
2018/8/9, , 14, 8
2018/8/10, , 12, 9
2018/8/11, , 11, 10
2018/8/12, , 11, 12
2018/8/13, , 12, 20
2018/8/14, , 18, 12
2018/8/15, , 13, 15
2018/8/16, , 14, 19
2018/8/17, , 17, 15
2018/8/18, , 18, 11
2018/8/19, , 17, 16
2018/8/20, , 15, 17
2018/8/21, , 18, 20
2018/8/22, , 19, 17
2018/8/23, , 15, 18
2018/8/24, , 19, 16
2018/8/25, , 13, 10
2018/8/26, , 11, 20
2018/8/27, , 16, 16
2018/8/28, , 17, 25
2018/8/29, , 21, 19
2018/8/30, , 20, 29
2018/8/31, , 26, 27
2018/9/1, , 19, 27
2018/9/2, , 20, 37
2018/9/3, , 34, 35
2018/9/4, , 29, 32
2018/9/10, , 20, 24
2018/9/11, , 18, 25
2018/9/12, , 24, 31
2018/9/13, , 22, 31
2018/9/14, , 26, 27
2018/9/15, , 22, 22
2018/9/16, , 16, 26
2018/9/17, , 22, 23
2018/9/18, , 28, 11
2018/9/19, , 23, 5
2018/9/20, , 17, 15
2018/9/21, , 17, 8
2018/9/22, , 12, 15
2018/9/23, , 8, 33
2018/9/24, , 21, 30
2018/9/25, , 20, 30
2018/9/26, , 23, 40
2018/9/27, , 33, 34
2018/9/28, , 29, 27
2018/9/29, , 18, 26
2018/9/30, , 23, 31
2018/4/1, , 21, 9
2018/4/2, , 14, 9
2018/4/3, , 10, 9
2018/4/4, , 9, 28
2018/4/5, , 19, 15
2018/4/6, , 17, 22
2018/4/7, , 21, 24
2018/4/8, , 29, 27
2018/4/9, , 46, 11
2018/4/10, , 16, 30
2018/4/11, , 20, 38
2018/4/12, , 52, 25
2018/4/13, , 51, 26
2018/4/14, , 43, 14
2018/4/15, , 15, 16
2018/4/16, , 19, 21
2018/4/17, , 23, 27
2018/4/18, , 30, 26
2018/4/19, , 29, 48
2018/4/20, , 43, 25
2018/4/21, , 29, 21
2018/4/22, , 33, 29
2018/4/23, , 25, 14
2018/4/24, , 17, 23
2018/4/25, , 21, 23
2018/4/26, , 23, 19
2018/4/27, , 21, 13
2018/4/28, , 13, 25
2018/4/29, , 28, 12
2018/4/30, , 14, 
2018/5/3, , 26, 38
2018/5/4, , 29, 39
2018/5/5, , 33, 28
2018/5/6, , 39, 32
2018/5/7, , 33, 26
2018/5/8, , 28, 25
2018/5/9, , 26, 20
2018/5/10, , 19, 16
2018/5/11, , 18, 28
2018/5/12, , 23, 19
2018/5/13, , 16, 35
2018/5/14, , 29, 41
2018/5/15, , 35, 38
2018/5/16, , 43, 35
2018/5/17, , 37, 37
2018/5/18, , 32, 28
2018/5/19, , 28, 23
2018/5/20, , 31, 30
2018/5/21, , 35, 41
2018/5/22, , 49, 38
2018/5/23, , 44, 35
2018/5/24, , 44, 38
2018/5/25, , 45, 19
2018/5/26, , 24, 15
2018/5/27, , 15, 31
2018/5/28, , 23, 24
2018/5/29, , 19, 7
2018/5/30, , 13, 25
2018/5/31, , 2, 26
2018/6/4, , 45, 33
2018/6/5, , 33, 31
2018/6/6, , 46, 13
2018/6/7, , 27, 34
2018/6/8, , 32, 22
2018/6/9, , 34, 21
2018/6/10, , 37, 33
2018/6/11, , 41, 31
2018/6/12, , 34, 31
2018/6/13, , 20, 16
2018/6/14, , 16, 30
2018/6/15, , 30, 21
2018/6/16, , 20, 11
2018/6/17, , 15, 18
2018/6/18, , 13, 21
2018/6/19, , 18, 22
2018/6/20, , 20, 29
2018/6/21, , 20, 37
2018/6/22, , 26, 29
2018/6/23, , 19, 28
2018/6/24, , 22, 31
2018/6/25, , 19, 33
2018/6/26, , 24, 36
2018/6/27, , 32, 37
2018/6/28, , 32, 40
2018/6/29, , 32, 
2018/1/1, , 13, 15
2018/1/2, , 16, 14
2018/1/3, , 22, 15
2018/1/4, , 14, 15
2018/1/5, , 17, 31
2018/1/6, , 29, 19
2018/1/7, , 27, 24
2018/1/8, , 28, 16
2018/1/9, , 27, 21
2018/1/10, , 22, 37
2018/1/11, , 35, 22
2018/1/12, , 26, 19
2018/1/13, , 32, 21
2018/1/14, , 38, 9
2018/1/15, , 14, 21
2018/1/16, , 15, 21
2018/1/17, , 19, 20
2018/1/18, , 17, 29
2018/1/19, , 14, 17
2018/1/20, , 9, 21
2018/1/21, , 11, 28
2018/1/22, , 15, 14
2018/1/23, , 12, 5
2018/1/24, , 5, 15
2018/1/25, , 15, 31
2018/1/26, , 26, 17
2018/1/27, , 23, 14
2018/1/28, , 9, 18
2018/1/29, , 13, 28
2018/1/30, , 19, 18
2018/1/31, , 12, 30
2018/2/1, , 18, 38
2018/2/2, , 21, 24
2018/2/3, , 19, 23
2018/2/4, , 18, 35
2018/2/5, , 32, 33
2018/2/6, , 40, 39
2018/2/7, , 41, 27
2018/2/8, , 41, 23
2018/2/9, , 24, 21
2018/2/10, , 16, 17
2018/2/11, , 15, 31
2018/2/12, , 23, 12
2018/2/13, , 12, 16
2018/2/14, , 16, 36
2018/2/15, , 27, 41
2018/2/16, , 38, 42
2018/2/17, , 40, 21
2018/2/18, , 34, 17
2018/2/19, , 27, 32
2018/2/20, , 18, 40
2018/2/21, , 56, 41
2018/2/22, , 62, 37
2018/2/23, , 42, 31
2018/2/24, , 34, 22
2018/2/25, , 20, 31
2018/2/26, , 25, 37
2018/2/27, , 31, 30
2018/2/28, , 33, 19
2018/3/1, , 43, 20
2018/3/2, , 35, 26
2018/3/3, , 26, 26
2018/3/4, , 16, 18
2018/3/5, , 14, 18
2018/3/6, , 12, 30
2018/3/7, , 21, 22
2018/3/8, , 19, 26
2018/3/9, , 22, 20
2018/3/10, , 18, 14
2018/3/11, , 12, 10
2018/3/12, , 10, 34
2018/3/13, , 25, 24
2018/3/14, , 26, 9
2018/3/15, , 9, 17
2018/3/16, , 19, 33
2018/3/17, , 34, 21
2018/3/18, , 34, 36
2018/3/19, , 44, 42
2018/3/20, , 45, 50
2018/3/21, , 40, 41
2018/3/22, , 40, 9
2018/3/23, , 14, 22
2018/3/24, , 26, 37
2018/3/25, , 52, 43
2018/3/26, , 44, 24
2018/3/27, , 21, 24
2018/3/28, , 15, 12
2018/3/29, , 11, 17
2018/3/30, , 10, 20
2018/3/31, , 12, 20
2017/12/26, , 9, 19
2017/12/27, , 9, 31
2017/12/28, , 20, 21
2017/12/29, , 21, 13
2017/12/30, , 14, 7
2017/12/31, , 12, 10
2024/7/4, , , 6
2024/9/6, , , 9
2024/9/7, , , 1
2022/10/1, , , 6
2022/11/4, , , 19
2022/11/5, , , 8
2022/11/6, , , 2
2022/9/29, , , 18
2022/9/30, , , 9
2022/1/2, , , 10
2021/8/5, , , 5
2020/8/6, , , 29
2020/9/5, , , 20
2020/9/6, , , 23
2019/12/31, , , 12
2019/8/1, , , 30
2018/12/31, , , 25
2018/7/1, , , 35
2018/9/5, , , 33
2018/9/6, , , 26
2018/9/7, , , 27
2018/9/8, , , 26
2018/9/9, , , 26
2018/5/2, , , 46
2018/6/1, , , 24
2018/6/2, , , 22
2018/6/3, , , 35
2017/12/25, , , 8